{
  "forgetting_curve": {
    "days": [
      0.0,
      0.5084745762711864,
      1.0169491525423728,
      1.5254237288135593,
      2.0338983050847457,
      2.542372881355932,
      3.0508474576271185,
      3.559322033898305,
      4.067796610169491,
      4.576271186440678,
      5.084745762711864,
      5.59322033898305,
      6.101694915254237,
      6.610169491525424,
      7.11864406779661,
      7.627118644067796,
      8.135593220338983,
      8.64406779661017,
      9.152542372881356,
      9.661016949152541,
      10.169491525423728,
      10.677966101694915,
      11.1864406779661,
      11.694915254237287,
      12.203389830508474,
      12.711864406779661,
      13.220338983050848,
      13.728813559322033,
      14.23728813559322,
      14.745762711864407,
      15.254237288135592,
      15.762711864406779,
      16.271186440677965,
      16.779661016949152,
      17.28813559322034,
      17.796610169491526,
      18.305084745762713,
      18.813559322033896,
      19.322033898305083,
      19.83050847457627,
      20.338983050847457,
      20.847457627118644,
      21.35593220338983,
      21.864406779661017,
      22.3728813559322,
      22.881355932203387,
      23.389830508474574,
      23.89830508474576,
      24.406779661016948,
      24.915254237288135,
      25.423728813559322,
      25.93220338983051,
      26.440677966101696,
      26.94915254237288,
      27.457627118644066,
      27.966101694915253,
      28.47457627118644,
      28.983050847457626,
      29.491525423728813,
      30.0
    ],
    "series": {
      "episodic (imp=0.5, recalls=0)": [
        1.0,
        0.7457,
        0.5561,
        0.4147,
        0.3092,
        0.2306,
        0.1719,
        0.1282,
        0.0956,
        0.0713,
        0.0532,
        0.0396,
        0.0296,
        0.022,
        0.0164,
        0.0123,
        0.01,
        0.01,
        0.01,
        0.01,
        0.01,
        0.01,
        0.01,
        0.01,
        0.01,
        0.01,
        0.01,
        0.01,
        0.01,
        0.01,
        0.01,
        0.01,
        0.01,
        0.01,
        0.01,
        0.01,
        0.01,
        0.01,
        0.01,
        0.01,
        0.01,
        0.01,
        0.01,
        0.01,
        0.01,
        0.01,
        0.01,
        0.01,
        0.01,
        0.01,
        0.01,
        0.01,
        0.01,
        0.01,
        0.01,
        0.01,
        0.01,
        0.01,
        0.01,
        0.01
      ],
      "semantic (imp=0.5, recalls=0)": [
        1.0,
        0.9068,
        0.8223,
        0.7457,
        0.6762,
        0.6132,
        0.5561,
        0.5043,
        0.4573,
        0.4147,
        0.376,
        0.341,
        0.3092,
        0.2804,
        0.2543,
        0.2306,
        0.2091,
        0.1896,
        0.1719,
        0.1559,
        0.1414,
        0.1282,
        0.1163,
        0.1054,
        0.0956,
        0.0867,
        0.0786,
        0.0713,
        0.0647,
        0.0586,
        0.0532,
        0.0482,
        0.0437,
        0.0396,
        0.036,
        0.0326,
        0.0296,
        0.0268,
        0.0243,
        0.022,
        0.02,
        0.0181,
        0.0164,
        0.0149,
        0.0135,
        0.0123,
        0.0111,
        0.0101,
        0.01,
        0.01,
        0.01,
        0.01,
        0.01,
        0.01,
        0.01,
        0.01,
        0.01,
        0.01,
        0.01,
        0.01
      ],
      "procedural (imp=0.5, recalls=0)": [
        1.0,
        0.943,
        0.8893,
        0.8386,
        0.7908,
        0.7457,
        0.7032,
        0.6631,
        0.6253,
        0.5897,
        0.5561,
        0.5244,
        0.4945,
        0.4663,
        0.4397,
        0.4147,
        0.391,
        0.3687,
        0.3477,
        0.3279,
        0.3092,
        0.2916,
        0.275,
        0.2593,
        0.2445,
        0.2306,
        0.2174,
        0.205,
        0.1934,
        0.1823,
        0.1719,
        0.1621,
        0.1529,
        0.1442,
        0.136,
        0.1282,
        0.1209,
        0.114,
        0.1075,
        0.1014,
        0.0956,
        0.0902,
        0.085,
        0.0802,
        0.0756,
        0.0713,
        0.0672,
        0.0634,
        0.0598,
        0.0564,
        0.0532,
        0.0501,
        0.0473,
        0.0446,
        0.042,
        0.0396,
        0.0374,
        0.0353,
        0.0332,
        0.0314
      ],
      "episodic (imp=0.5, recalls=5)": [
        1.0,
        0.9008,
        0.8114,
        0.7308,
        0.6583,
        0.593,
        0.5341,
        0.4811,
        0.4334,
        0.3904,
        0.3516,
        0.3167,
        0.2853,
        0.257,
        0.2315,
        0.2085,
        0.1878,
        0.1692,
        0.1524,
        0.1373,
        0.1236,
        0.1114,
        0.1003,
        0.0904,
        0.0814,
        0.0733,
        0.066,
        0.0595,
        0.0536,
        0.0483,
        0.0435,
        0.0392,
        0.0353,
        0.0318,
        0.0286,
        0.0258,
        0.0232,
        0.0209,
        0.0188,
        0.017,
        0.0153,
        0.0138,
        0.0124,
        0.0112,
        0.0101,
        0.01,
        0.01,
        0.01,
        0.01,
        0.01,
        0.01,
        0.01,
        0.01,
        0.01,
        0.01,
        0.01,
        0.01,
        0.01,
        0.01,
        0.01
      ]
    },
    "note": "type stability multipliers: episodic 1x, semantic 3x, procedural 5x; recall raises stability via ln(2+access_count)"
  },
  "confidence_ranking": {
    "baseline_modifier_off": 0.5945,
    "measured_composite": {
      "verified": [
        0.4161,
        0.434,
        0.4518,
        0.4697,
        0.4875,
        0.5053,
        0.5232,
        0.541,
        0.5588,
        0.5767,
        0.5945
      ],
      "inferred": [
        0.4161,
        0.434,
        0.4518,
        0.4697,
        0.4875,
        0.5053,
        0.5232,
        0.541,
        0.5588,
        0.5767,
        0.5945
      ],
      "uncertain": [
        0.3537,
        0.3689,
        0.384,
        0.3992,
        0.4144,
        0.4295,
        0.4447,
        0.4598,
        0.475,
        0.4902,
        0.5053
      ],
      "contradicted": [
        0.2081,
        0.217,
        0.2259,
        0.2348,
        0.2437,
        0.2527,
        0.2616,
        0.2705,
        0.2794,
        0.2883,
        0.2972
      ]
    },
    "modifier_formula": "(W_FLOOR + (1-W_FLOOR)*conf) * status_penalty",
    "W_CONFIDENCE_FLOOR": 0.7,
    "status_penalty": {
      "verified": 1.0,
      "inferred": 1.0,
      "uncertain": 0.85,
      "contradicted": 0.5
    },
    "modifier_table": {
      "verified": {
        "conf=0.0": 0.7,
        "conf=0.5": 0.85,
        "conf=1.0": 1.0
      },
      "inferred": {
        "conf=0.0": 0.7,
        "conf=0.5": 0.85,
        "conf=1.0": 1.0
      },
      "uncertain": {
        "conf=0.0": 0.595,
        "conf=0.5": 0.722,
        "conf=1.0": 0.85
      },
      "contradicted": {
        "conf=0.0": 0.35,
        "conf=0.5": 0.425,
        "conf=1.0": 0.5
      }
    }
  },
  "contradiction_flow": {
    "old_epistemic_status": "contradicted",
    "old_confidence": 0.3,
    "old_is_current": false,
    "new_epistemic_status": "inferred",
    "new_is_current": true,
    "recall_returns_new": true,
    "recall_returns_old": false,
    "superseded_by": true
  },
  "lint_precision": {
    "planted": {
      "contradiction": 1,
      "stale": 3,
      "duplicate": 1
    },
    "caught": {
      "contradiction": 1,
      "stale": 3,
      "duplicate": 1
    },
    "total_issues": 9,
    "orphans": 4
  },
  "latency_footprint": {
    "n_store": 400,
    "n_query": 80,
    "store_total_s": 11.1,
    "store_per_mem_ms": 27.76,
    "recall_ms_mean": 95.09,
    "recall_ms_p50": 78.56,
    "recall_ms_p95": 190.53,
    "db_size_kb": 4412.0,
    "faiss_size_kb": 4842.1
  },